"index","type","tag","author","title","year","volume","number","journal","pages","editor","booktitle","publisher","address","doi","misc","url"
1,"techreport","tbep0119","M. Burke and G. Raulerson","2018 Tampa Bay Water Quality Assessment","2019",NA,"01-19",NA,NA,NA,NA,"Tampa Bay Estuary Program","St. Petersburg, Florida",NA,NA,NA
2,"techreport","tbep0219","G. Raulerson and A. Hershorin and D. Karlen and T. MacDonald and and A. Tyler-Jedlund","Tampa Bay Dredged Hole Assessment and Management Recommendations: 2019 Synthesis Report","2019",NA,"02-19",NA,NA,NA,NA,"Final report prepared for the Tampa Bay Environmental Restoration Fund","St. Petersburg, Florida",NA,NA,NA
3,"article","tbep0319","L. Sheehan and E. Sherwood and R. Moyer and K. Radabaugh and S. Simpson","Blue Carbon: An Additional Driver for Restoring and Preserving Ecological Services of Coastal Wetlands in Tampa Bay(Florida, USA)","2019",NA,NA,"Wetlands",NA,NA,NA,NA,NA,"10.1007/s13157-019-01137-y","03-19",NA
4,"techreport","tbep0419","B. Barber","Facilitation of seagrass productivity in Tampa Bay using the indigenous, suspension feeding bivalve, Mercenaria campechiensis","2019",NA,"04-19",NA,NA,NA,NA,"Final report prepared for the Tampa Bay Environmental Restoration Fund","St. Petersburg, Florida",NA,NA,NA
5,"techreport","tbep0519","M. Burke and L. Carnahan and K. Hammer-Levy and G. Mitchum","Recommended Projections of Sea Level Rise for the Tampa Bay Region (Update)","2019",NA,"05-19",NA,NA,NA,NA,"Tampa Bay Estuary Program","St. Petersburg, Florida",NA,NA,NA
6,"techreport","tbep0619","S.D. Meyers and M.E. Luther","Ship Wakes in Tampa Bay","2019",NA,"06-19",NA,NA,NA,NA,"Tampa Bay Estuary Program","St. Petersburg, Florida",NA,NA,NA
7,"article","tbep7","M. Beck and E. Sherwood and J. Henkel and K. Dorans and K. Ireland and P. Varela","Assessment of the Cumulative Effects of Restoration Activities on Water Quality in Tampa Bay, Florida","2019",42,"7","Estuaries & Coasts","1774-1791",NA,NA,NA,NA,"10.1007/s12237-019-00619-w","07-19",NA
8,"techreport","tbep0819","CSA Ocean Sciences, Inc.","Tampa Bay Hard Bottom Mapping Project","2019",NA,"08-19",NA,NA,NA,NA,"Tampa Bay Estuary Program","St. Petersburg, Florida",NA,NA,NA
9,"techreport","tbep0919","C.B. Lopez and S. Shankar and S.M. Garcia and S.P. Geiger and K.A. Hubbard and and L.J. Flewelling","Effects of the Toxic Dinoflagellate Pyrodinium bahamense on Feeding Efficiency and Toxicity in Bivalve Grazers","2019",NA,"09-19",NA,NA,NA,NA,"Tampa Bay Estuary Program","St. Petersburg, Florida",NA,NA,NA
10,"incollection","tbep1019","G. Raulerson and E.T. Sherwood and M. Burke and H.S. Greening and A.J. Janicki","The Tampa Bay Story: Fostering collaborative partnerships to restore an urban estuary","2019",NA,NA,NA,NA,NA,NA,"Proceedings of the Sixth Interagency Conference on Research in the Watersheds, July 23-26, 2018","Shepherdstown, West Virginia",NA,"10-19",NA
11,"techreport","tbep1119","E.T. Sherwood and M. Burke","2018 Tampa Bay Estuary Nutrient Management Compliance Assessment","2019",NA,"11-19",NA,NA,NA,NA,"Tampa Bay Estuary Program","St. Petersburg, Florida",NA,NA,NA
12,"techreport","tbep1219","M.N. Schrandt and T.C. MacDonald","2018 Multimetric Index of Nekton Health for Tampa Bay, FL","2019",NA,"12-19",NA,NA,NA,NA,"Tampa Bay Estuary Program","St. Petersburg, Florida",NA,NA,NA
13,"techreport","tbep0118","E. Sherwood and G. Raulerson","2017 Tampa Bay Water Quality Assessment","2018",NA,"01-18",NA,NA,NA,NA,"Tampa Bay Estuary Program","St. Petersburg, Florida",NA,NA,NA
14,"techreport","tbep0218","A. Tyler-Jedlund and T. MacDonald","Tampa Bay Dredge Hole Project: Fisheries Assessment, Final Report","2018",NA,"02-18",NA,NA,NA,NA,"Tampa Bay Estuary Program","St. Petersburg, Florida",NA,NA,NA
15,"techreport","tbep0318","D. Karlen and B. Goetting and T. Dix and S. Markham and K. Campbell and J. Jernigan and J. Christian and A. Chacour and K. Martinez and L. Grossmann and and L. LaMonica","Tampa Bay Dredge Hole Project: Benthic Assessment, Final Report","2018",NA,"03-18",NA,NA,NA,NA,"Tampa Bay Estuary Program","St. Petersburg, Florida",NA,NA,NA
16,"techreport","tbep0418","M.N. Schrandt and T.C. MacDonald","Tampa Bay Nekton Index, Final Report","2018",NA,"04-18",NA,NA,NA,NA,"Tampa Bay Estuary Program","St. Petersburg, Florida",NA,NA,NA
17,"techreport","tbep0518","E. Sherwood and M. Burke","2017 Tampa Bay Estuary Nutrient Management Compliance Assessment","2018",NA,"05-18",NA,NA,NA,NA,"Prepared for the FDEP and EPA by the Tampa Bay Nitrogen Management Consortium, Tampa Bay Estuary Program","St. Petersburg, Florida",NA,NA,NA
18,"incollection","tbep0618","E.T. Sherwood and H. Greening and G. Raulerson and L. Sheehan and S. Crooks and R.P. Moyer and K.R. Radabaugh and S. Simpson and S. Emmett-Mattox and D. Tomasko and D. Robison and K. Yates","Chapter 26 - Tampa Bay Estuary Case Study: Identifying Blue Carbon Incentives for Future Critical Coastal Habitat Restoration and Management Efforts","2019",NA,NA,NA,NA,"L. Windham-Myers and S. Crooks and T. Troxler","A Blue Carbon Primer: The State of Coastal Wetland Carbon Science, Practice, and Policy","CRC Press","Boca Raton, Florida",NA,"06-18",NA
19,"article","tbep0718","D. Tomasko and M. Alderson and R. Burnes and J. Hecker and J. Leverone and G. Raulerson and E. Sherwood","Widespread recovery of seagrass coverage in Southwest Florida (USA): Temporal and spatial trends and management actions responsible for success","2018",135,NA,"Marine Pollution Bulletin","1128-1137",NA,NA,NA,NA,"10.1016/j.marpolbul.2018.08.049","07-18",NA
20,"techreport","tbep0818","S. Sorace and S. Felde and D. Carroll and J. Necker and D. Hastings and S. Gowans and and Amy Suida","Microplastics in Tampa Bay: Abundance, Distribution, and Ecological Interactions and Technical Memorandum: Laboratory Methods for the Analysis of Microplastics","2019",NA,"08-18",NA,NA,NA,NA,"Final report prepared for the Tampa Bay Environmental Restoration Fund","St. Petersburg, Florida",NA,NA,NA
21,"techreport","tbep0918","Southwest Florida Water Management District","Little Manatee River Ecosystem Restoration Master Plan","2019",NA,"09-18",NA,NA,NA,NA,"Final report prepared for the Tampa Bay Environmental Restoration Fund  by the Southwest Florida Water Management District","Brooksville, Florida",NA,NA,NA
22,"techreport","tbep0117","E. Sherwood","2016 Tampa Bay Water Quality Assessment","2017",NA,"01-17",NA,NA,NA,NA,"Tampa Bay Estuary Program","St. Petersburg, Florida",NA,NA,NA
23,"techreport","tbep0217","H. Greening and E. Sherwood","2016 Tampa Bay Estuary Nutrient Management Compliance Assessment","2017",NA,"02-17",NA,NA,NA,NA,"Prepared for the FDEP and EPA by the Tampa Bay Nitrogen Management Consortium, Tampa Bay Estuary Program",NA,NA,NA,NA
24,"techreport","tbep0317","K. Kaufman","Tampa Bay Environmental Restoration Fund Final Report: Hard Bottom Mapping and Characterization for Restoration Planning in Tampa Bay","2017",NA,"03-17",NA,NA,NA,NA,"Tampa Bay Estuary Program","St. Petersburg, Florida",NA,NA,NA
25,"techreport","tbep0417","Janicki Environmental, Inc.","Estimates of Total Nitrogen, Total Phosphorus, Total Suspended Solids, and Biological Oxygen Demand Loadings to Tampa Bay, Florida: 2012-2016","2017",NA,"04-17",NA,NA,NA,NA,"Tampa Bay Estuary Program","St. Petersburg, Florida",NA,NA,NA
26,"techreport","tbep0517","R. Moyer and K. Radabaugh","Phase 2: Critical Coastal Habitat Assessment Final Report","2017",NA,"05-17",NA,NA,NA,NA,"Tampa Bay Estuary Program","St. Petersburg, Florida",NA,NA,NA
27,"techreport","tbep0617","K. Radabaugh and R. Moyer and G. Raulerson and E. Sherwood","Critical Coastal Habitat Assessment Training Manual","2017",NA,"06-17",NA,NA,NA,NA,"Tampa Bay Estuary Program","St. Petersburg, Florida",NA,NA,NA
28,"techreport","tbep0717","C. Lopez","Seeding Potential of Pyrodinium Cysts in Old Tampa Bay","2017",NA,"07-17",NA,NA,NA,NA,"Final report prepared for the Tampa Bay Environmental Restoration Fund","St. Petersburg, Florida",NA,NA,NA
29,"techreport","tbep0817","R. Price and D. Loy and D. Robison","Phase 1: Critical Coastal Habitat Assessment: Baseline Monitoring Report","2017",NA,"08-17",NA,NA,NA,NA,"Tampa Bay Estuary Program","St. Petersburg, Florida",NA,NA,NA
30,"article","tbep3","E. Sherwood and H. Greening and J.O.R. Johansson and K. Kaufman and G. Raulerson","Tampa Bay (Florida, USA): Documenting Seagrass Recovery since the 1980's and Reviewing the Benefits","2017",57,"3","Southeastern Geographer","294-319",NA,NA,NA,NA,"10.1353/sgo.2017.0026","09-17",NA
31,"techreport","tbep1017","N. O'Hara and Shafer Consulting, Inc","Charting the Course: The Comprehensive Conservation and Management Plan for Tampa Bay","2017",NA,"10-17",NA,NA,NA,NA,"Tampa Bay Estuary Program","St. Petersburg, Florida",NA,NA,NA
32,"techreport","tbep1117","S. Deitche and B. Meinecke and A. Hipolito","Channels A, G, and Rocky Creek Second Post-Modification Monitoring Project Report","2017",NA,"11-17",NA,NA,NA,NA,"Tampa Bay Estuary Program","St. Petersburg, Florida",NA,NA,NA
33,"techreport","tbep0116","E. Sherwood","2015 Tampa Bay Water Quality Assessment","2016",NA,"01-16",NA,NA,NA,NA,"Tampa Bay Estuary Program","St. Petersburg, Florida",NA,NA,NA
34,"techreport","tbep0216","M. Wessel and K. Dixon","Southwest Florida Tidal Creeks Nutrient Study","2016",NA,"02-16",NA,NA,NA,NA,"Tampa Bay Estuary Program","St. Petersburg, Florida",NA,NA,NA
35,"techreport","tbep0316","Janicki Environmental, Inc.","Update on the Development of a Screening Level Tool for Estimating Annual Hydrologic Loadings to Tampa Bay","2016",NA,"03-16",NA,NA,NA,NA,"Tampa Bay Estuary Program","St. Petersburg, Florida",NA,NA,NA
36,"techreport","tbep0416","H. Greening and E. Sherwood","2015 Tampa Bay Estuary Nutrient Management Compliance Assessment","2016",NA,"04-16",NA,NA,NA,NA,"Prepared for the FDEP and EPA by the Tampa Bay Nitrogen Management Consortium, Tampa Bay Estuary Program",NA,NA,NA,NA
37,"techreport","tbep0516","S. Deitche","Channels A, G, and Rocky Creek Pilot Monitoring Project Report","2016",NA,"05-16",NA,NA,NA,NA,"Prepared for the SWFWMD and TBEP by GPI, Inc","Tampa, Florida",NA,NA,NA
38,"techreport","tbep0616","S. Powers","Robles Park Water Quality Improvement","2016",NA,"06-16",NA,NA,NA,NA,"Final report prepared for the Tampa Bay Environmental Restoration Fund","St. Petersburg, Florida",NA,NA,NA
39,"techreport","tbep0716","L. Sheehan and S. Crooks and Various other contributors","Tampa Bay Blue Carbon Assessment: Summary of Findings","2016",NA,"07-16",NA,NA,NA,NA,"Final report prepared for the Tampa Bay Environmental Restoration Fund","St. Petersburg, Florida",NA,NA,NA
40,"techreport","tbep0816","R. Johansson","Seagrass Transect Monitoring in Tampa Bay: A Summary of Findings from 1997 through 2015","2016",NA,"08-16",NA,NA,NA,NA,"Tampa Bay Estuary Program","St. Petersburg, Florida",NA,NA,NA
41,"incollection","tbep0916","H. Greening and A. Janicki and E. Sherwood","Seagrass Recovery in Tampa Bay, Florida (USA)","2016",NA,NA,NA,"1-12","C. Max Finlayson and G. R. Milton and R. C. Prentice and N. C. Davidson","The Wetland Book","Springer","Berlin, Germany","10.1007/978-94-007-6173-5_269-1","09-16",NA
42,"techreport","tbep0115","E. Sherwood","2014 Tampa Bay Water Quality Assessment","2015",NA,"01-15",NA,NA,NA,NA,"Tampa Bay Estuary Program","St. Petersburg, Florida",NA,NA,NA
43,"techreport","tbep0215","C. Listopad and L. Souto and P. Bohlen","Tampa Bay Residential Stormwater Evaluation: Final Project Report","2015",NA,"02-15",NA,NA,NA,NA,"Tampa Bay Estuary Program","St. Petersburg, Florida",NA,NA,NA
44,"techreport","tbep0315","E. Peebles","Zooplankton and Hyperbenthos as Community Metrics for the Trophic State of Tidal Creeks","2015",NA,"03-15",NA,NA,NA,NA,"Tampa Bay Estuary Program","St. Petersburg, Florida",NA,NA,NA
45,"techreport","tbep0415","D. Karlen and T. L. Dix and B. K. Goetting and S. E. Markham and K. W. Campbell and J. M. Jernigan","Twenty-year Trends in the Benthic Community and Sediment Quality of Tampa Bay 1993 - 2012","2015",NA,"04-15",NA,NA,NA,NA,"Environmental Protection Commission of Hillsborough County, Tampa Bay Estuary Program","Tampa, Florida",NA,NA,NA
46,"article","tbep0515","E. Sherwood and H. Greening and T. Janicki and and D. Karlen","Tampa Bay estuary: Monitoring long-term recovery through regional partnerships","2015",4,NA,"Region Studies in Marine Science","1-11",NA,NA,NA,NA,"10.1016/j.rsma.2015.05.005","05-15",NA
47,"techreport","tbep0615","R. Johansson and Janicki Environmental, Inc.","Long-Term Underwater Light Climate Variation and Submerged Seagrass Trends in Tampa Bay, Florida: With a discussion of phytoplankton and CDOM interactions","2015",NA,"06-15",NA,NA,NA,NA,"Tampa Bay Estuary Program","St. Petersburg, Florida",NA,NA,NA
48,"article","tbep2","J. Cloern and P. Abreu and J. Carstensen and L. Chauvaud and R. Elmgren and J. Grall and H. Greening and R. Johansson and M. Kahru and E. Sherwood and J. Xu and K. Yin","Human activities and climate variability drive fast-paced change across the world's estuarine-coastal ecosystems","2015",22,"2","Global Change Biology","513-529",NA,NA,NA,NA,"10.1111/gcb.13059","07-15",NA
49,"article","tbep0815","K. Schiff and P. Trowbridge and E. Sherwood and P. Tango and and R. Batiuk","Regional monitoring programs in the US: Synthesis of four case studies from Pacific, Atlantic, and Gulf Coasts","2015",4,NA,"Regional Studies in Marine Science","A1-A7",NA,NA,NA,NA,"10.1016/j.rsma.2015.11.007","08-15",NA
50,"techreport","tbep0915","N. O'Hara","A Tampa Bay Estuary Program Progress Report","2015",NA,"09-15",NA,NA,NA,NA,"Tampa Bay Estuary Program","St. Petersburg, Florida",NA,NA,NA
51,"techreport","tbep1015","E. Sherwood and H. Greening and L. Garcia and K. Kaufman and T. Janicki and R. Pribble and  B. Cunningham and S. Peene and J. Fitzpatrick and K. Dixon and M. Wessel","Development of an Integrated Ecosystem Model to Determine Effectiveness of Potential Watershed Management Projects on Improving Old Tampa Bay","2015",NA,"10-15",NA,NA,NA,NA,"Tampa Bay Estuary Program","St. Petersburg, Florida",NA,NA,NA
52,"techreport","tbep1115","Janicki Environmental, Inc.","Old Tampa Bay Integrated Ecosystem Model Development Project: Task Deliverables","2015",NA,"11-15",NA,NA,NA,NA,"Tampa Bay Estuary Program","St. Petersburg, Florida",NA,NA,NA
53,"techreport","tbep1215","H. Greening and E. Sherwood","2014 Tampa Bay Estuary Nutrient Management Compliance Assessment","2015",NA,"12-15",NA,NA,NA,NA,"Tampa Bay Estuary Program","St. Petersburg, Florida",NA,NA,NA
54,"techreport","tbep1315","Dr. J. Ley and H. Rolls","Determining Which Tidal Tributaries Are the Best Snook Nurseries (FL)","2015",NA,"13-15",NA,NA,NA,NA,"Tampa Bay Estuary Program","St. Petersburg, Florida",NA,NA,NA
55,"techreport","tbep1415","A. Corcoran","Autonomous Water Quality and Harmful Algal Bloom Monitoring (FL)","2015",NA,"14-15",NA,NA,NA,NA,"Tampa Bay Estuary Program","St. Petersburg, Florida",NA,NA,NA
56,"techreport","tbep1515","B. Henningsen","Rock Ponds Ecosystem Restoration in Tampa Bay (FL)","2015",NA,"15-15",NA,NA,NA,NA,"Tampa Bay Estuary Program","St. Petersburg, Florida",NA,NA,NA
57,"techreport","tbep1615","P. Monaghan and E. Ott and C. Nealis","A Community Based Stormwater Nutrient Management Program","2015",NA,"16-15",NA,NA,NA,NA,"Tampa Bay Estuary Program","St. Petersburg, Florida",NA,NA,NA
58,"techreport","tbep1715","S. Ergas and M. Trotz and R. Locicero and E. Lopez and T. Lynn","Reducing N Loads to Tampa Bay using Bioretention Systems","2015",NA,"17-15",NA,NA,NA,NA,"Tampa Bay Estuary Program","St. Petersburg, Florida",NA,NA,NA
59,"techreport","tbep1815","S. Herndon","MacDill Living Shoreline Project","2015",NA,"18-15",NA,NA,NA,NA,"Tampa Bay Estuary Program","St. Petersburg, Florida",NA,NA,NA
60,"techreport","tbep0114","L. Cross","Gulf Coast Community Handbook: Case Studies from Gulf of Mexico Communities for Incorporating Climate Change Resiliency into Habitat Planning and Protection","2014",NA,"01-14",NA,NA,NA,NA,"Tampa Bay Estuary Program","St. Petersburg, Florida",NA,NA,NA
61,"techreport","tbep0214","E. Sherwood","2013 Tampa Bay Water Quality Assessment","2014",NA,"02-14",NA,NA,NA,NA,"Tampa Bay Estuary Program","St. Petersburg, Florida",NA,NA,NA
62,"techreport","tbep0314","G. Morrison and E. Sherwood","Final Report for the Project entitled ""Determining Biotic Effects of Sediment Contaminants in McKay Bay #1802.12.029643""","2014",NA,"03-14",NA,NA,NA,NA,"Tampa Bay Estuary Program","St. Petersburg, Florida",NA,NA,NA
63,"techreport","tbep0414","Tampa Bay Estuary Program and Tampa Bay Regional Planning Council","Economic Valuation of Tampa Bay","2014",NA,"04-14",NA,NA,NA,NA,"Tampa Bay Estuary Program","St. Petersburg, Florida",NA,NA,NA
64,"techreport","tbep0514","T. Ries and S. Scheda","Master Plan for the Protection and Restoration of Freshwater Wetlands in the Tampa Bay Watershed, Florida","2014",NA,"05-14",NA,NA,NA,NA,"Tampa Bay Estuary Program","St. Petersburg, Florida",NA,NA,NA
65,"techreport","tbep0614","151:A1-A16","Ecosystem responses to long-term nutrient management in an urban estuary: Tampa Bay, Florida, USA","2014",NA,"06-14",NA,NA,NA,NA,"Tampa Bay Estuary Program","St. Petersburg, Florida",NA,NA,NA
66,"techreport","tbep0714","E. Sherwood and H. Greening","Potential Impacts and Management Implications of Climate Change on Tampa Bay Estuary Critical Coastal Habitats","2014",NA,"07-14",NA,NA,NA,NA,"Tampa Bay Estuary Program","St. Petersburg, Florida",NA,NA,NA
67,"techreport","tbep0814","Tetratech","Summary of Green Infrastructure Inconsistencies and Barriers in Codes and Guidance with Action Items for Hillsborough County","2014",NA,"08-14",NA,NA,NA,NA,"Tampa Bay Estuary Program","St. Petersburg, Florida",NA,NA,NA
68,"techreport","tbep0914","H. Greening and E. Sherwood","2013 Tampa Bay Estuary Nutrient Management Compliance Assessment","2014",NA,"09-14",NA,NA,NA,NA,"Prepared for the FDEP and EPA by the Tampa Bay Nitrogen Management Consortium, Tampa Bay Estuary Program",NA,NA,NA,NA
69,"techreport","tbep0113","E. Sherwood","2012 Tampa Bay Water Quality Assessment","2013",NA,"01-13",NA,NA,NA,NA,"Tampa Bay Estuary Program","St. Petersburg, Florida",NA,NA,NA
70,"article","tbep0213","N. Poor and L. Cross and and R. Dennis","Lessons learned from the Bay Region Atmospheric Chemistry Experiment (BRACE) and implications for nitrogen management of Tampa Bay","2013",70,NA,"Atmospheric Environment",NA,NA,NA,NA,NA,"10.1016/j.amosenv.2012.12.030","02-13",NA
71,"techreport","tbep0313","Janicki Environmental, Inc.","Estimates of Total Nitrogen, Total Phosphorus, Total Suspended Solids, and Biological Oxygen Demand Loadings to Tampa Bay, Florida: 2007-2011","2013",NA,"03-13",NA,NA,NA,NA,"Tampa Bay Estuary Program","St. Petersburg, Florida",NA,NA,NA
72,"techreport","tbep0413","H. Greening and E. Sherwood","2012 Tampa Bay Estuary Nutrient Management Compliance Assessment","2013",NA,"04-13",NA,NA,NA,NA,"Prepared for the FDEP and EPA by the Tampa Bay Nitrogen Management Consortium, Tampa Bay Estuary Program",NA,NA,NA,NA
73,"techreport","tbep0513","E. Sherwood and G. Morrison","Hillsborough River Fecal Coliform BMAP Update (2013)","2013",NA,"05-13",NA,NA,NA,NA,"Tampa Bay Estuary Program","St. Petersburg, Florida",NA,NA,NA
74,"techreport","tbep0613","L. Cross","Experimental Restoration of Longshore Bars Associated with Seagrass Recovery in Tampa Bay, Florida, USA","2014",NA,"06-13",NA,NA,NA,NA,"Final Report submitted to the Gulf of Mexico Program, Tampa Bay Estuary Program","St. Petersburg, Florida",NA,NA,NA
75,"techreport","tbep0713","S. Cooper","Integrating Nitrogen Management with Planning","2013",NA,"07-13",NA,NA,NA,NA,"Final Report prepared by the Tampa Bay Regional Planning Council","Pinellas Park, Florida",NA,NA,NA
76,"techreport","tbep0112","E. Sherwood","2011 Tampa Bay Water Quality Assessment","2012",NA,"01-12",NA,NA,NA,NA,"Tampa Bay Estuary Program","St. Petersburg, Florida",NA,NA,NA
77,"techreport","tbep0212","J.O.R. Johansson","Application of a Bio-Optical Model to Determine Light Availability  at Water Depths Required to reach the Tampa Bay Seagrass Restoration Goal and at Current Depths of Deep Tampa Bay Seagrass Meadows","2012",NA,"02-12",NA,NA,NA,NA,"Tampa Bay Estuary Program","St. Petersburg, Florida",NA,NA,NA
78,"techreport","tbep0312","E.T. Sherwood and H.S. Greening.","Critical Coastal Habitat Vulnerability Assessment for the Tampa Bay Estuary: Projected Changes to Habitats due to Sea Level Rise and Climate Change","2012",NA,"03-12",NA,NA,NA,NA,"Tampa Bay Estuary Program","St. Petersburg, Florida",NA,NA,NA
79,"techreport","tbep0412","L. Cross","Understanding Atmospheric Deposition in Tampa Bay","2012",NA,"04-12",NA,NA,NA,NA,"Tampa Bay Estuary Program","St. Petersburg, Florida",NA,NA,NA
80,"techreport","tbep0512","Janicki Environmental, Inc.","Development of a Screening Level Tool for Estimating Annual Hydrologic Loadings to Tampa Bay","2012",NA,"05-12",NA,NA,NA,NA,"Tampa Bay Estuary Program","St. Petersburg, Florida",NA,NA,NA
81,"techreport","tbep0612","H. Greening and E. Sherwood","2011 Tampa Bay Estuary Nutrient Management Compliance Assessment","2012",NA,"06-12",NA,NA,NA,NA,"Prepared for the FDEP and EPA by the Tampa Bay Nitrogen Management Consortium, Tampa Bay Estuary Program",NA,NA,NA,NA
82,"techreport","tbep0712","D.J. Karlen and K. Campbell","The Distribution of Pyrodinium bahamense cysts in Old Tampa Bay sediments","2012",NA,"07-12",NA,NA,NA,NA,"Tampa Bay Estuary Program","St. Petersburg, Florida",NA,NA,NA
83,"techreport","tbep0812","M.S. Owens and J.C. Cornwell","Tampa Bay Sediment Nutrient Fluxes - Final Report","2012",NA,"08-12",NA,NA,NA,NA,"Tampa Bay Estuary Program","St. Petersburg, Florida",NA,NA,NA
84,"techreport","tbep0912","S. Deitche and P. Dooris","Tampa Bay Salinity Barrier Inventory & Restoration Feasibility Matrix","2012",NA,"09-12",NA,NA,NA,NA,"Tampa Bay Estuary Program","St. Petersburg, Florida",NA,NA,NA
85,"techreport","tbep1012","M. Rains and S. Landry and V. Seidel and T. Crisman","Prioritizing Habitat Restoration Goals in the Tampa Bay Watershed","2012",NA,"10-12",NA,NA,NA,NA,"Tampa Bay Estuary Program","St. Petersburg, Florida",NA,NA,NA
86,"techreport","tbep1112","N. O'Hara","A Tampa Bay Estuary Program Progress Report","2012",NA,"11-12",NA,NA,NA,NA,"Tampa Bay Estuary Program","St. Petersburg, Florida",NA,NA,NA
87,"techreport","tbep0111","E. Sherwood","2010 Tampa Bay Water Quality Assessment","2011",NA,"01-11",NA,NA,NA,NA,"Tampa Bay Estuary Program","St. Petersburg, Florida",NA,NA,NA
88,"techreport","tbep0211","H. Greening and E. Sherwood","2010 Tampa Bay Estuary Nutrient Management Compliance Assessment","2011",NA,"02-11",NA,NA,NA,NA,"Prepared for the FDEP and EPA by the Tampa Bay Nitrogen Management Consortium, Tampa Bay Estuary Program",NA,NA,NA,NA
89,"techreport","tbep0311","D. Karlen and M. Miller","The Distribution of Pyrodinium bahamense Cysts in Old Tampa Bay Sediments","2011",NA,"03-11",NA,NA,NA,NA,"Tampa Bay Estuary Program","St. Petersburg, Florida",NA,NA,NA
90,"techreport","tbep0411","G. Morrison and E. Sherwood","McKay Bay Sediment Quality Action Plan","2011",NA,"04-11",NA,NA,NA,NA,"Tampa Bay Estuary Program","St. Petersburg, Florida",NA,NA,NA
91,"techreport","tbep0511","K. Yates and H. Greening and and G. Morrison","Integrating Science and Resource Management in Tampa Bay, Florida, USGS Circular 1348","2011",NA,"05-11",NA,NA,NA,NA,"USGS Circular 1348","St. Petersburg, Florida",NA,NA,NA
92,"techreport","tbep0611","P. Carlson and L. Yarbro and A. Ritzmann and H. McKnight and A. Viaud and K. Almeida and C. Nosach and and P. Julian","Seagrass Recovery in Tampa Bay: Fine-Scale Spatial Analyses to Assess Progress and Refine Restoration Targets","2011",NA,"06-11",NA,NA,NA,NA,"Tampa Bay Estuary Program","St. Petersburg, Florida",NA,NA,NA
93,"techreport","tbep0711","Janicki Environmental, Inc.","Proposed Numeric Nutrient Criteria for Tampa Bay","2011",NA,"07-11",NA,NA,NA,NA,"Tampa Bay Estuary Program","St. Petersburg, Florida",NA,NA,NA
94,"techreport","tbep0811","Janicki Environmental, Inc.","Proposed Numeric Nutrient Criteria for Boca Ciega Bay, Terra Ceia Bay and Manatee River, Florida","2011",NA,"08-11",NA,NA,NA,NA,"Tampa Bay Estuary Program","St. Petersburg, Florida",NA,NA,NA
95,"techreport","tbep0911","Janicki Environmental, Inc.","Development of Numeric Nutrient Criteria for Boca Ciega Bay, Terra Ceia Bay, and Manatee River, Florida","2011",NA,"09-11",NA,NA,NA,NA,"Tampa Bay Estuary Program","St. Petersburg, Florida",NA,NA,NA
96,"techreport","tbep10a11","Janicki Environmental, Inc.","Development of Numeric Nutrient Criteria Recommendations for the Tampa Bay Estuary: Summary and Technical Support Documents","2011",NA,"10a-11",NA,NA,NA,NA,"Tampa Bay Estuary Program","St. Petersburg, Florida",NA,NA,NA
97,"techreport","tbep1111","H. Greening and L. Cross and E.T. Sherwood","A multiscale approach to seagrass recovery in Tampa Bay, Florida","2011",NA,"11-11",NA,NA,NA,NA,"Tampa Bay Estuary Program","St. Petersburg, Florida",NA,NA,NA
98,"techreport","tbep0110","W. Avery and R. Johansson","Data Summary from the Tampa Bay Interagency Seagrass Monitoring Program Through Year 2008","2010",NA,"01-10",NA,NA,NA,NA,"Tampa Bay Estuary Program","St. Petersburg, Florida",NA,NA,NA
99,"techreport","tbep0210","E. Sherwood","2009 Tampa Bay Water Quality Assessment","2010",NA,"02-10",NA,NA,NA,NA,"Tampa Bay Estuary Program","St. Petersburg, Florida",NA,NA,NA
100,"techreport","tbep0310","Tampa Bay Nitrogen Management Consortium","2009 Reasonable Assurance Addendum: Allocation and Assessment Report","2010",NA,"03-10",NA,NA,NA,NA,"Tampa Bay Estuary Program","St. Petersburg, Florida",NA,NA,NA
101,"techreport","tbep0410","Janicki Environmental Inc.","Development of Proposed Tampa Bay Protective Total Phosphorus Loads","2010",NA,"04-10",NA,NA,NA,NA,"Tampa Bay Estuary Program","St. Petersburg, Florida",NA,NA,NA
102,"techreport","tbep0510","Janicki Environmental Inc.","Empirical Approaches to Establishing Numeric Nutrient Criteria for Southwest Florida Estuaries","2010",NA,"05-10",NA,NA,NA,NA,"Tampa Bay Estuary Program","St. Petersburg, Florida",NA,NA,NA
103,"techreport","tbep0109","W. Avery and R. Johansson","Restoration of Seagrass Habitat in Tampa Bay using Large Manatee grass (Syringodium filiforme) units and a Discussion of Planting Site Sediment Elevation Dynamics","2009",NA,"01-09",NA,NA,NA,NA,"Tampa Bay Estuary Program","St. Petersburg, Florida",NA,NA,NA
104,"techreport","tbep0209","E. Sherwood","2008 Tampa Bay Water Quality Assessment","2009",NA,"02-09",NA,NA,NA,NA,"Tampa Bay Estuary Program","St. Petersburg, Florida",NA,NA,NA
105,"techreport","tbep0309","S. Gilbert and B. Robbins and M. Luther and R. Lewis III","Field Measurements of Bottom Stress due to Wave Action and Tidal Velocity in Tampa Bay to Support Seagrass Restoration and Shoreline Protection","2009",NA,"03-09",NA,NA,NA,NA,"Tampa Bay Estuary Program","St. Petersburg, Florida",NA,NA,NA
106,"techreport","tbep0409","N. O'Hara","A Tampa Bay Estuary Program Progress Report 2009","2009",NA,"04-09",NA,NA,NA,NA,"Tampa Bay Estuary Program","St. Petersburg, Florida",NA,NA,NA
107,"techreport","tbep0509","D. Karlen and T. Dix and B. Goetting and S. Markham","The Benthic Macrofaunal Community and Sediment Quality Conditions in Clam Bayou, Pinellas County, Florida","2009",NA,"05-09",NA,NA,NA,NA,"Tampa Bay Estuary Program","St. Petersburg, Florida",NA,NA,NA
108,"techreport","tbep0609","D. Robison","Tampa Bay Estuary Program Habitat Master Plan Update","2010",NA,"06-09",NA,NA,NA,NA,"Tampa Bay Estuary Program","St. Petersburg, Florida",NA,NA,NA
109,"techreport","tbep0709","E. Peebles and D. Hollander and S. Locker and P. Swarzenski and G. Brooks","Areal Extent, Source and Ecological Status of Organic Sediment Accumulation in Safety Harbor, Tampa Bay","2009",NA,"07-09",NA,NA,NA,NA,"Tampa Bay Estuary Program","St. Petersburg, Florida",NA,NA,NA
110,"techreport","tbep0809","C. Anastasiou","Characterization of the Underwater Light Environment and Its Relevance to Seagrass Recovery and Sustainability in Tampa Bay, Florida","2009",NA,"08-09",NA,NA,NA,NA,"Tampa Bay Estuary Program","St. Petersburg, Florida",NA,NA,NA
111,"techreport","tbep0909","Coastal Resources Group, Inc.","Knowledge-Based Seagrass Maps for Tampa Bay, Florida","2009",NA,"09-09",NA,NA,NA,NA,"Tampa Bay Estuary Program","St. Petersburg, Florida",NA,NA,NA
112,"techreport","tbep0108","E. Sherwood","Tracking Chlorophyll-a and Light Attenuation in Tampa Bay: Application to 2007 Data","2008",NA,"01-08",NA,NA,NA,NA,"Tampa Bay Estuary Program","St. Petersburg, Florida",NA,NA,NA
113,"techreport","tbep0208","E. Sherwood","Tampa Bay Tidal Tributary Habitat Initiative: Integrated Summary Document","2008",NA,"02-08",NA,NA,NA,NA,"Tampa Bay Estuary Program","St. Petersburg, Florida",NA,NA,NA
114,"techreport","tbep0308","L. Cross","Tampa Bay Tidal Tributary Initiative: Public Summary Document","2008",NA,"03-08",NA,NA,NA,NA,"Tampa Bay Estuary Program","St. Petersburg, Florida",NA,NA,NA
115,"techreport","tbep0408","W. Avery and R. Johansson","Tampa Bay Interagency Seagrass Monitoring Program Synopsis: 1997-2006","2008",NA,"04-08",NA,NA,NA,NA,"Tampa Bay Estuary Program","St. Petersburg, Florida",NA,NA,NA
116,"techreport","tbep0508","D. Karlen and T. Dix and B. Goetting and S. Markham and C. Meyer and M. Flock and G. Blanchard","Tampa Bay Benthic Interpretive Report: 1993-2004 Bay Wide Report","2008",NA,"05-08",NA,NA,NA,NA,"Tampa Bay Estuary Program","St. Petersburg, Florida",NA,NA,NA
117,"techreport","tbep0608","Tampa Bay Estuary Program","Tampa Bay Model Regional Fertilizer Ordinance","2008",NA,"06-08",NA,NA,NA,NA,"Tampa Bay Estuary Program","St. Petersburg, Florida",NA,NA,NA
118,"techreport","tbep0708","Tampa Bay Estuary Program","Model-Based Estimates of Nitrogen Load Reductions Associated with Fertilizer Restriction Implementation","2008",NA,"07-08",NA,NA,NA,NA,"Tampa Bay Estuary Program","St. Petersburg, Florida",NA,NA,NA
119,"techreport",NA,"Janicki Environmental Inc.","Estimation of Nitrogen Loading from Residential Irrigation","2008",NA,NA,NA,NA,NA,NA,"Tampa Bay Estuary Program","St. Petersburg, Florida",NA,NA,NA
120,"techreport","tbep0107","A. Poe and A. Janicki","Tracking Chlorophyll-a and Light Attenuation in Tampa Bay: Application to 2006 Data","2007",NA,"01-07",NA,NA,NA,NA,"Tampa Bay Estuary Program","St. Petersburg, Florida",NA,NA,NA
121,"techreport","tbep0207","A. Weinkauf and T. Cuba","Tampa Bay Epilithic Survey","2007",NA,"02-07",NA,NA,NA,NA,"Tampa Bay Estuary Program","St. Petersburg, Florida",NA,NA,NA
122,"techreport","tbep0307","L.M. Cross","Feather Sound Seagrass Recovery Project: Final Report and Management Recommendations for Feather Sound, Old Tampa Bay, Florida","2007",NA,"03-07",NA,NA,NA,NA,"Report to the Pinellas County Environmental Fund",NA,NA,NA,NA
123,"techreport","tbep0407","R.L. Dennis and J. Arnold","CMAQ-UCD Atmospheric Deposition Estimates to Tampa Bay Watershed Sub-basins and Tampa Bay Waters","2007",NA,"04-07",NA,NA,NA,NA,"Tampa Bay Estuary Program","St. Petersburg, Florida",NA,NA,NA
124,"techreport","tbep0507","E. Sherwood and others","Tampa Bay Seagrass Management Area Determination, Status & Trends, & Water Quality Target Attainment","2007",NA,"05-07",NA,NA,NA,NA,"Tampa Bay Estuary Program","St. Petersburg, Florida",NA,NA,NA
125,"techreport","tbep0607","Janicki Environmental, Inc.","Technical Memorandum: Analysis of Seagrass Change in Tampa Bay","2007",NA,"06-07",NA,NA,NA,NA,"Tampa Bay Estuary Program","St. Petersburg, Florida",NA,NA,NA
126,"techreport","tbep0106","D. Wade and K. Malloy and A. Janicki and R. Nijbroek and S. Grabe","Development of a Benthic Index to Establish Sediment Quality Targets for the Tampa Bay Estuary","2006",NA,"01-06",NA,NA,NA,NA,"Tampa Bay Estuary Program","St. Petersburg, Florida",NA,NA,NA
127,"techreport","tbep0206","A. Poe and A. Janicki and S. Janicki","Tracking Chlorophyll-a and Light Attenuation in Tampa Bay: Application to 2005 Data","2006",NA,"02-06",NA,NA,NA,NA,"Tampa Bay Estuary Program","St. Petersburg, Florida",NA,NA,NA
128,"techreport","tbep0306","K. O'Keefe and W. Arnold and D.Reed","Tampa Bay Oyster Mapping and Assessment","2006",NA,"03-06",NA,NA,NA,NA,"Tampa Bay Estuary Program","St. Petersburg, Florida",NA,NA,NA
129,"techreport","tbep0406","P. Carlson and L. Yarbro","Benthic Oxygen and Nutrient Fluxes in Tampa Bay","2006",NA,"04-06",NA,NA,NA,NA,"Tampa Bay Estuary Program","St. Petersburg, Florida",NA,NA,NA
130,"techreport","tbep0506","S. Grabe and D.Karlen and C. Holden and B. Goetting and S. Markham and T. Dix","Gammaridean Amphipoda of Tampa Bay, Florida (Gulf of Mexico): Taxonomic Composition, Distribution, and Association with abiotic variables","2006",NA,"05-06",NA,NA,NA,NA,"Tampa Bay Estuary Program","St. Petersburg, Florida",NA,NA,NA
131,"techreport","tbep0606","A. Poe","Baywide Environmental Monitoring Report, 2002-2005","2006",NA,"06-06",NA,NA,NA,NA,"Tampa Bay Estuary Program","St. Petersburg, Florida",NA,NA,NA
132,"techreport","tbep0706","W. Avery and R. Johansson","Data Summary from the Tampa Bay Interagency Seagrass Monitoring Program through Year 2005","2006",NA,"07-06",NA,NA,NA,NA,"Tampa Bay Estuary Program","St. Petersburg, Florida",NA,NA,NA
133,"techreport","tbep0105","Janicki Environmental, Inc.","Tracking Chlorophyll-a and Light Attenuation in Tampa Bay: Application to 2004 Data","2005",NA,"01-05",NA,NA,NA,NA,"Tampa Bay Estuary Program","St. Petersburg, Florida",NA,NA,NA
134,"techreport","tbep0205","A. Poe and K. Hackett and S. Janicki and R. Pribble and and A. Janicki","Estimates of Total Nitrogen, Total Phosphorus, Total Suspended Solids, and Biochemical Oxygen Demand Loadings to Tampa Bay, Florida: 1999 -2003","2005",NA,"02-05",NA,NA,NA,NA,"Tampa Bay Estuary Program","St. Petersburg, Florida",NA,NA,NA
135,"techreport","tbep0305","W. Avery and R. Johansson","Data Summary from the Tampa Bay Interagency Seagrass Monitoring Program through Year 2004","2005",NA,"03-05",NA,NA,NA,NA,"Tampa Bay Estuary Program","St. Petersburg, Florida",NA,NA,NA
136,"techreport","tbep0405","L. Griffen and H. Greening","Tampa Bay Dredged Hole Habitat Assessment Project","2005",NA,"04-05",NA,NA,NA,NA,"Tampa Bay Estuary Program","St. Petersburg, Florida",NA,NA,NA
137,"proceedings","tbep0505","S. F. Treat","Bay Area Scientific Information Symposium 4 : Linking Science to Management","2005",NA,NA,NA,NA,NA,NA,"Proceedings of a Workshop October 27-30, 2003","St. Petersburg, Florida",NA,"05-05",NA
138,"techreport","tbep0104","Janicki Environmental, Inc.","Tracking Chlorophyll-a and Light Attenuation in Tampa Bay: Application to 2003 Data","2004",NA,"01-04",NA,NA,NA,NA,"Tampa Bay Estuary Program","St. Petersburg, Florida",NA,NA,NA
139,"techreport","tbep0204","P. Baker and S.M. Baker and and J. Fajans","Nonindigenous Marine Species in the Greater Tampa Bay Ecosystem,  Literature Review and Field Survey of Tampa Bay for Nonindigenous Marine and Estuarine Species","2004",NA,"02-04",NA,NA,NA,NA,"Tampa Bay Estuary Program","St. Petersburg, Florida",NA,NA,NA
140,"techreport","tbep0304","Dawes and C.J. and R.C. Phillips and G. Morrison","Seagrass Communities of the Gulf Coast of Florida: Status and Ecology","2004",NA,"03-04",NA,NA,NA,NA,"Florida Fish and Wildlife Conservation Commission Fish and Wildlife Research Institute and the Tampa Bay Estuary Program","St. Petersburg, Florida",NA,NA,NA
141,"techreport","tbep0404","J.O.R. Johansson and W.M. Avery","Interim Report of a Pilot Study to Evaluate Impacts to Water Quality and Seagrass Meadows from the Green Mussel (Perna Viridis) Invasion in Hillsborough Bay, Tampa Bay, Florida","2004",NA,"04-04",NA,NA,NA,NA,"Tampa Bay Estuary Program","St. Petersburg, Florida",NA,NA,NA
142,"techreport","tbep0504","W. Avery and R. Johansson","Data Summary from the Tampa Bay Interagency Seagrass Monitoring Program Through 2003","2004",NA,"05-04",NA,NA,NA,NA,"Tampa Bay Estuary Program","St. Petersburg, Florida",NA,NA,NA
143,"techreport","tbep0604","Janicki Environmental, Inc.","Effects of Changes in Freshwater Inflows on Biological Resources of Tampa Bay Tributaries","2004",NA,"06-04",NA,NA,NA,NA,"Tampa Bay Estuary Program","St. Petersburg, Florida",NA,NA,NA
144,"techreport","tbep0704","L. Griffen and H. Greening","Factors Influencing Seagrass Recovery in Feather Sound, Tampa Bay, Florida","2004",NA,"07-04",NA,NA,NA,NA,"Tampa Bay Estuary Program","St. Petersburg, Florida",NA,NA,NA
145,"proceedings","tbep0804","Workshop participants","Tampa Bay Tidal Rivers and Streams: Presentations from a Workshop held June 23, 2004","2004",NA,NA,NA,NA,NA,NA,"Presentations by workshop participants","St. Petersburg, Florida",NA,"08-04",NA
146,"techreport","tbep0103","A. Janicki and R. Pribble and and M. Winowitch","Tracking Chlorophyll-a and Light Attenuation in Tampa Bay: Application to 2002 Data","2003",NA,"01-03",NA,NA,NA,NA,"Tampa Bay Estuary Program","St. Petersburg, Florida",NA,NA,NA
147,"techreport","tbep0203","R. Pribble and A. Janicki and and M. Winowitch","Evaluation of Changes in Total Nitrogen Loadings to Tampa Bay due to Expected Nitrogen Air Emissions Reductions","2003",NA,"02-03",NA,NA,NA,NA,"Tampa Bay Estuary Program","St. Petersburg, Florida",NA,NA,NA
148,"techreport","tbep0303","W. Avery and R. Johansson","Data Summary from the Tampa Bay Interagency Seagrass Monitoring Program through the Year 2002","2003",NA,"03-03",NA,NA,NA,NA,"Tampa Bay Estuary Program","St. Petersburg, Florida",NA,NA,NA
149,"techreport","tbep0403","Janicki Environmental, Inc.","Nitrogen Loadings to Tampa Bay: Model Based Estimates of 1998 and 2010 Loads to Major Basins, and TN Load Reduction/Preclusion Apportionment","2003",NA,"04-03",NA,NA,NA,NA,"Tampa Bay Estuary Program","St. Petersburg, Florida",NA,NA,NA
150,"techreport","tbep0503","R.T. Paul","Status of Wading Bird Populations of the Hillsborough River Watershed","2003",NA,"05-03",NA,NA,NA,NA,"Tampa Bay Estuary Program","St. Petersburg, Florida",NA,NA,NA
151,"techreport","tbep0603","Janicki Environmental, Inc.","Tampa Bay Benthic Monitoring Program Redesign Assessment","2003",NA,"06-03",NA,NA,NA,NA,"Tampa Bay Estuary Program","St. Petersburg, Florida",NA,NA,NA
152,"techreport","tbep0703","Tampa Bay Estuary Program","Report from the Local Rule Review Committee for Tampa Bay","2003",NA,"07-03",NA,NA,NA,NA,"Prepared for the Florida Fish and Wildlife Conservation Commission by the Tampa Bay Estuary Program","St. Petersburg, Florida",NA,NA,NA
153,"techreport","tbep0803","N. Poor and R. Tremblay and H. Kay and V. Bhethanabotla and E. Swartz and M. Luther and S. Campbell","Atmospheric Concentrations and Dry Deposition Rates of Polycyclic Aromatic Hydrocarbons (PAHs) for Tampa Bay, Florida, USA","2003",NA,"08-03",NA,NA,NA,NA,"Tampa Bay Estuary Program","St. Petersburg, Florida",NA,NA,NA
154,"proceedings","tbep0903","Workshop participants","Submerged Aquatic Habitat Restoration in Estuaries: Issues, Options and Priorities: Workshop Presentations and Abstracts","2003",NA,NA,NA,NA,NA,NA,"Workshops March 11-13, 2003","Mote Marine Laboratory, Sarasota, Florida",NA,"09-03",NA
155,"techreport","tbep1003","K. Hackett and A. Janicki and R. Pribble","Evaluation of Alternative Methods of Achieving Sediment Quality Targets","2003",NA,"10-03",NA,NA,NA,NA,"Tampa Bay Estuary Program","St. Petersburg, Florida",NA,NA,NA
156,"techreport","tbep0102","S.A. Grabe and J.Barron","Status of Tampa Bay Sediments: Polycyclic Aromatic Hydrocarbons, Organochlorine Pesticides, and Polychlrorinated Biphenyls (1993 and 1995-1999)","2002",NA,"01-02",NA,NA,NA,NA,"Tampa Bay Estuary Program","St. Petersburg, Florida",NA,NA,NA
157,"proceedings","tbep0202","H. Greening and M. Cladas","Water Budget Workshop for Tampa Bay: Presentations and Workshop Summary, December 4-5, 2001","2002",NA,NA,NA,NA,NA,NA,"Workshop proceedings","St. Petersburg, Florida",NA,"02-02",NA
158,"techreport","tbep0302","A. Janicki and R. Pribble","Tracking Chlorophyll-a and Light Attenuation in Tampa Bay: Application to 2001 Data","2002",NA,"03-02",NA,NA,NA,NA,"Tampa Bay Estuary Program","St. Petersburg, Florida",NA,NA,NA
159,"proceedings","tbep0402","H. Greening","Seagrass Management: It's Not Just Nutrients!","2002",NA,NA,NA,NA,NA,NA,"Proceedings of a Symposium August 22-24, 2000","St. Petersburg, Florida",NA,"04-02",NA
160,"techreport","tbep0502","Janicki Environmental, Inc.","Tampa Bay Sediment Quality Targets Physical Parameters Assessment","2002",NA,"05-02",NA,NA,NA,NA,"Tampa Bay Estuary Program","St. Petersburg, Florida",NA,NA,NA
161,"techreport","tbep0602","R.J. Pribble and A. J. Janicki and and H. Greening and eds","Tampa Bay Baywide Environmental Monitoring Report","2003",NA,"06-02",NA,NA,NA,NA,"Tampa Bay Estuary Program","St. Petersburg, Florida",NA,NA,NA
162,"techreport","tbep0702","M.S. Fonseca and B.D. Robbins and P.E. Whitfield and L.Woods and and P.Clinton","Evaluating the Effects of Offshore Sandbars on Seagrass Recovery and Restoration in Tampa Bay Through Ecological Forecasting and Hindcasting of Exposure to Waves","2002",NA,"07-02",NA,NA,NA,NA,"Tampa Bay Estuary Program","St. Petersburg, Florida",NA,NA,NA
163,"techreport","tbep0802","N. Poor","Atmospheric Deposition of Nitrogen and Air Toxins to the Tampa Bay Estuary","2002",NA,"08-02",NA,NA,NA,NA,"Tampa Bay Estuary Program","St. Petersburg, Florida",NA,NA,NA
164,"techreport","tbep0902","W. Avery and R. Johansson","Data Summary from the Tampa Bay Interagency Seagrass Monitoring Program Through the Year 2001","2002",NA,"09-02",NA,NA,NA,NA,"Tampa Bay Estuary Program","St. Petersburg, Florida",NA,NA,NA
165,"techreport","tbep1002","D.D. MacDonald and D.E. Smorong and and R.A. Lindskoog","An Ecosystem-based Framework for Assessing and Managing Sediment Quality Conditions in Tampa Bay, Florida","2002",NA,"10-02",NA,NA,NA,NA,"Tampa Bay Estuary Program","St. Petersburg, Florida",NA,NA,NA
166,"techreport","tbep1102","S.A. Grabe and D.J. Karlen and C.M. Holden and B. Goetting and and T. Dix","Tampa Bay Benthic Monitoring Program: Status of Hillsborough Bay: 1993-1998","2002",NA,"11-02",NA,NA,NA,NA,"Tampa Bay Estuary Program","St. Petersburg, Florida",NA,NA,NA
167,"techreport","tbep1202","Janicki Environmental, Inc.","Piney Point and Bishop Harbor Monitoring Program Design","2002",NA,"12-02",NA,NA,NA,NA,"Tampa Bay Estuary Program","St. Petersburg, Florida",NA,NA,NA
168,"techreport","tbep0101","B. Blakesley and P. Hall and D. Berns andJ. Hyniova and M. Merello and and R. Convoy","Survey of the Distribution of the Marine Slime Mold Labyrinthula sp. in the seagrass Thalassia testudinum in the Tampa Bay Area, Fall 1999- Fall 2000","2001",NA,"01-01",NA,NA,NA,NA,"Tampa Bay Estuary Program","St. Petersburg, Florida",NA,NA,NA
169,"techreport","tbep0201","W.M. Avery and J.O.R. Johansson","Tampa Bay Interagency Seagrass Monitoring Program: Seagrass Species Distribution and Coverage Along Fixed Transects 1997-2000","2001",NA,"02-01",NA,NA,NA,NA,"Tampa Bay Estuary Program","St. Petersburg, Florida",NA,NA,NA
170,"techreport","tbep0301","J.B. Rose and J.H. Paul and M.R. McLaughlin and V.J. Harwood and S.Farrah and M.Tamplin and G.Lukasik","Healthy Beaches Tampa Bay: Microbiological Monitoring of Water Quality Conditions and Public Health Impacts","2001",NA,"03-01",NA,NA,NA,NA,"Tampa Bay Estuary Program","St. Petersburg, Florida",NA,NA,NA
171,"techreport","tbep0401","A. Janicki and R. Pribble and M. Winowitch","An Analysis of Long-Term Trends in Tampa Bay Water Quality","2001",NA,"04-01",NA,NA,NA,NA,"Tampa Bay Estuary Program","St. Petersburg, Florida",NA,NA,NA
172,"techreport","tbep0501","R. Pribble and A. Janicki and H. Zarbock and S. Janicki and M. Winowitch","Estimates of Total Nitrogen, Total Phosphorus, Total Suspended Solids, and Biochemical Oxygen Demand Loadings to Tampa Bay, Florida","2001",NA,"05-01",NA,NA,NA,NA,"Tampa Bay Estuary Program","St. Petersburg, Florida",NA,NA,NA
173,"techreport","tbep0601","A. Janicki and D. Wade","Tampa Bay Estuary Program Model Evaluation and Update: Chlorophyll a-Light Attenuation Relationship","2001",NA,"06-01",NA,NA,NA,NA,"Tampa Bay Estuary Program","St. Petersburg, Florida",NA,NA,NA
174,"techreport","tbep0701","A. Janicki and D. Wade","Tampa Bay Estuary Program Model Evaluation and Update: Nitrogen Load-Chlorophyll a Relationship","2001",NA,"07-01",NA,NA,NA,NA,"Tampa Bay Estuary Program","St. Petersburg, Florida",NA,NA,NA
175,"techreport","tbep0801","A. Janicki and R. Pribble and H.Zarbock and S. Janicki and and M.Winowitch","Model-Based Estimates of Total Nitrogen Loading to Tampa Bay: Current Conditions and Updated 2010 Conditions","2001",NA,"08-01",NA,NA,NA,NA,"Tampa Bay Estuary Program","St. Petersburg, Florida",NA,NA,NA
176,"techreport","tbep0901","A.J. Janicki and R. Pribble and and M.Winowitch","Estimation of the Spatial and Temporal Nature of Hypoxia in Tampa Bay, Florida","2001",NA,"09-01",NA,NA,NA,NA,"Tampa Bay Estuary Program","St. Petersburg, Florida",NA,NA,NA
177,"techreport","tbep1001","A. Janicki","Tampa Bay Estuary Program Tracking Progress Toward Its Nitrogen Management Goals: Fifth Year Assessment of Bay Water Quality Indicators and Models","2001",NA,"10-01",NA,NA,NA,NA,"Tampa Bay Estuary Program","St. Petersburg, Florida",NA,NA,NA
178,"techreport","tbep1101","A. Janicki and R. Pribble","Assessing the 2000 Chlorophyll a and Light Attenuation Conditions in Tampa Bay: Tracking Progress Toward TBEP Goals","2001",NA,"11-01",NA,NA,NA,NA,"Tampa Bay Estuary Program","St. Petersburg, Florida",NA,NA,NA
179,"techreport","tbep1201","S.Jacobson and S. Aipanjiguly","Survey Research on Florida Boaters and Manatee Management","2000",NA,"12-01",NA,NA,NA,NA,"Tampa Bay Estuary Program","St. Petersburg, Florida",NA,NA,NA
180,"techreport","tbep1301","B. Blakesley and P. Hall and D. Berns and J. Hyniova and M. Merello and and R. Conroy","Survey of the Distribution of the Marine Slime Mold Labyrinthula sp. in the seagrass Thalassia testudinum in the Tampa Bay Area, Fall 1999-Fall 2000","2001",NA,"13-01",NA,NA,NA,NA,"Tampa Bay Estuary Program","St. Petersburg, Florida",NA,NA,NA
181,"techreport","tbep0100","U.S. Army Corps of Engineers","Dredged Material Management Strategy: Tampa Bay, Florida","2000",NA,"01-00",NA,NA,NA,NA,"Tampa Bay Estuary Program","St. Petersburg, Florida",NA,NA,NA
182,"techreport","tbep0200","J.R. Pribble and A. Janicki","Evaluation of the Tools Available to Assess the Potential Impacts of Unplanned Pollutant Releases to Tampa Bay","2000",NA,"02-00",NA,NA,NA,NA,"Tampa Bay Estuary Program","St. Petersburg, Florida",NA,NA,NA
183,"techreport","tbep0300","A. Wynn","Tampa Bay Estuary Program Economic Valuation Study: Interim Report #1","2000",NA,"03-00",NA,NA,NA,NA,"Tampa Bay Estuary Program","St. Petersburg, Florida",NA,NA,NA
184,"techreport","tbep0400","A. Janicki and D.Wade and J.R. Pribble","Developing and Establishing a Process to Track the Status of Chlorophyll-a Concentrations and Light Attenuation to Support Seagrass Restoration Goals in Tampa Bay","2000",NA,"04-00",NA,NA,NA,NA,"Tampa Bay Estuary Program","St. Petersburg, Florida",NA,NA,NA
185,"techreport","tbep0500","J.O.R. Johansson","Water Depth (MTL) at the Deep Edge of Seagrass Meadows in Tampa Bay Measured by Differential GP Phase Processing: Evaluation of the Technique","2000",NA,"05-00",NA,NA,NA,NA,"Tampa Bay Estuary Program","St. Petersburg, Florida",NA,NA,NA
186,"techreport","tbep0600","N. Poor","Tampa Bay Atmospheric Deposition Study (TBADS) Final Interim Report: June 2000","2000",NA,"06-00",NA,NA,NA,NA,"Tampa Bay Estuary Program","St. Petersburg, Florida",NA,NA,NA
187,"techreport","tbep0700","J.R. Pribble and M.Winowitch and and A.J. Janicki","A Summary of Seagrass Coverage Data for Tampa Bay. Data Report: 1997","2000",NA,"07-00",NA,NA,NA,NA,"Tampa Bay Estuary Program","St. Petersburg, Florida",NA,NA,NA
188,"techreport","tbep0800","J.R. Pribble and M. Winowitch and D. Robison","A Summary of Emergent Vegetation Habitat Coverage Data for Tampa Bay","2000",NA,"08-00",NA,NA,NA,NA,"Tampa Bay Estuary Program","St. Petersburg, Florida",NA,NA,NA
189,"techreport","tbep0900","J.M. Ondov and C.B. Kidwell","Modeling of Deposition Velocities of Air Toxins","2000",NA,"09-00",NA,NA,NA,NA,"Tampa Bay Estuary Program","St. Petersburg, Florida",NA,NA,NA
190,"techreport","tbep1000","Ambient Ground-Water Quality Monitoring Program, Southwest Florida Water Management District","Contribution of Total Nitrogen Loading to the Hillsborough River Reservoir from Crystal Springs","1999",NA,"10-00",NA,NA,NA,NA,"Tampa Bay Estuary Program","St. Petersburg, Florida",NA,NA,NA
191,"techreport","tbep0199","T. Cardinale and T. Ash and S. Cooper","Alafia River Oyster Bar Restoration Demonstration Project: Final Monitoring Report","1999",NA,"01-99",NA,NA,NA,NA,"Tampa Bay Estuary Program","St. Petersburg, Florida",NA,NA,NA
192,"techreport","tbep0299","A.J. Janicki and D.Wade","Tampa Bay Estuary Program Models: Loading, Empirical, and Optimization","1999",NA,"02-99",NA,NA,NA,NA,"Tampa Bay Estuary Program","St. Petersburg, Florida",NA,NA,NA
193,"techreport","tbep0399","M.P.Timpe and R.T. Pribble","Impacts of Atmospheric Deposition on Stormwater Quality","1999",NA,"03-99",NA,NA,NA,NA,"Tampa Bay Estuary Program","St. Petersburg, Florida",NA,NA,NA
194,"techreport","tbep0499","S.K. Patel","Development of Sediment Contaminant Loading Action Plan","1999",NA,"04-99",NA,NA,NA,NA,"Tampa Bay Estuary Program","St. Petersburg, Florida",NA,NA,NA
195,"techreport","tbep0599","R.J. Pribble and A.J. Janicki","Atmospheric Deposition Contributions to Nitrogen and Phosphorus Loadings in Tampa Bay:  Intensive Wet and Dry Deposition Data Collection and Analysis August 1996-July 1998","1999",NA,"05-99",NA,NA,NA,NA,"Tampa Bay Estuary Program","St. Petersburg, Florida",NA,NA,NA
196,"techreport","tbep0699","J. Beever","Mitigation Criteria for Tampa Bay","1999",NA,"06-99",NA,NA,NA,NA,"Tampa Bay Estuary Program","St. Petersburg, Florida",NA,NA,NA
197,"techreport","tbep0799","R.J. Pribble and A. J. Janicki and and H. Greening","Baywide Environmental Monitoring Report 1993-1998","1999",NA,"07-99",NA,NA,NA,NA,"Tampa Bay Estuary Program","St. Petersburg, Florida",NA,NA,NA
198,"techreport","tbep0899","S.A. Grabe","Status of Tampa Bay Sediments: Contamination by Organochlorine Pesticides, Polycyclic Aromatic Hydrocarbons, and Polychlorinated Biphenyls (1993 & 1995-1996)","1999",NA,"08-99",NA,NA,NA,NA,"Tampa Bay Estuary Program","St. Petersburg, Florida",NA,NA,NA
199,"techreport","tbep0999","D.D. MacDonald","Tampa Bay Sediment Quality Workshop: Establishing Impact Levels and Setting Sediment Quality Targets","1999",NA,"09-99",NA,NA,NA,NA,"Tampa Bay Estuary Program","St. Petersburg, Florida",NA,NA,NA
200,"techreport","tbep1099","E.R. Long and H.S. Greening","Chemical Contamination in Tampa Bay: Extent, Toxicity, Potential Sources and Possible Sediment Quality Management Plans","1999",NA,"10-99",NA,NA,NA,NA,"Center for Coastal Monitoring and Assessment, National Oceanic and Atmospheric Administration","Silver Spring, Maryland",NA,NA,NA
201,"techreport","tbep1199","Tampa Audubon Society","No Crayfish, No Ibis? The Importance of Freshwater Wetlands for Coastal-Nesting White Ibis on Tampa Bay","1999",NA,"11-99",NA,NA,NA,NA,"Tampa Bay Estuary Program","St. Petersburg, Florida",NA,NA,NA
202,"techreport","tbep0198","S. A. Grabe","Overview of Boca Ciega Bay Benthos: 1997","1998",NA,"01-98",NA,NA,NA,NA,"Tampa Bay Estuary Program","St. Petersburg, Florida",NA,NA,NA
203,"techreport","tbep0298","S.A. Grabe","Overview of Manatee River Benthos: 1993-1997","1998",NA,"02-98",NA,NA,NA,NA,"Tampa Bay Estuary Program","St. Petersburg, Florida",NA,NA,NA
204,"techreport","tbep0398","S.A. Grabe","Overview of Terra Ceia Bay Benthos: 1993-1997","1998",NA,"03-98",NA,NA,NA,NA,"Tampa Bay Estuary Program","St. Petersburg, Florida",NA,NA,NA
205,"techreport","tbep0498","L.K. Dixon and M.G. Heyl and and S. Murray","Interpretation of Bulk Atmospheric Deposition and Stormwater Quality Data in the Tampa Bay Region","1998",NA,"04-98",NA,NA,NA,NA,"Tampa Bay Estuary Program","St. Petersburg, Florida",NA,NA,NA
206,"techreport","tbep0197","L. Fox and H. Lovett and F. Parsons","Oiled Wildlife Response Program","1997",NA,"01-97",NA,NA,NA,NA,"Tampa Bay Estuary Program","St. Petersburg, Florida",NA,NA,NA
207,"techreport","tbep0297","H.W. Zarbock and A.J. Janicki","Guidelines for Calculating Nitrogen Load Reduction Credits","1997",NA,"02-97",NA,NA,NA,NA,"Tampa Bay Estuary Program","St. Petersburg, Florida",NA,NA,NA
208,"techreport","tbep0397","R. McConnell and T. Brink","Toxic Contamination Sources Assessment: Sources of Sediment Contaminants of Concern and Recommendations for Prioritization of Hillsborough and Boca Ciega Sub-Basins","1997",NA,"03-97",NA,NA,NA,NA,"Tampa Bay Estuary Program","St. Petersburg, Florida",NA,NA,NA
209,"techreport","tbep0497","S.A. Grabe","Trace Metal Status of Tampa Bay Sediments 1993-1996","1997",NA,"04-97",NA,NA,NA,NA,"Tampa Bay Estuary Program","St. Petersburg, Florida",NA,NA,NA
210,"techreport","tbep0597","S.A. Grabe","Hydrographic Conditions and Dissolved Oxygen Status of the Tampa Bay Estuarine System (September-October 1993-1996)","1997",NA,"05-97",NA,NA,NA,NA,"Tampa Bay Estuary Program","St. Petersburg, Florida",NA,NA,NA
211,"techreport","tbep0697","D. D. MacDonald","Tampa Bay Sediment Quality Workshop: Setting Targets and Defining Management Strategies","1997",NA,"06-97",NA,NA,NA,NA,"Tampa Bay Estuary Program","St. Petersburg, Florida",NA,NA,NA
212,"techreport","tbep0797","H.B. Lovett","Tampa Bay National Estuary Program Federal Consistency Report","1996",NA,"07-97",NA,NA,NA,NA,"Tampa Bay Estuary Program","St. Petersburg, Florida",NA,NA,NA
213,"techreport","tbep0897","Coastal Environmental/Post, Buckley, Schuh and Jernigan, Inc.","An Analysis of the Effects of Freshwater Inflows on Salinity Distributions, Dissolved Oxygen Concentrations, and Habitat Characteristics of the Hillsborough River and Palm River/Tampa Bypass Canal","1997",NA,"08-97",NA,NA,NA,NA,"Tampa Bay Estuary Program","St. Petersburg, Florida",NA,NA,NA
214,"techreport","tbep0196","King Engineering Assoc., Inc.","Report on the Mapping of Publicly-Owned Land in the Tampa Bay Watershed","1996",NA,"01-96",NA,NA,NA,NA,"Tampa Bay Estuary Program","St. Petersburg, Florida",NA,NA,NA
215,"techreport","tbep0296","S.A. Grabe and D.J. Karlen","Technical Report: A Synoptic Survey of the Benthic Macroinvertebrates of the Boca Ciega Bay Estuarine System (Pinellas County, Florida)","1995",NA,"02-96",NA,NA,NA,NA,"Tampa Bay Estuary Program","St. Petersburg, Florida",NA,NA,NA
216,"techreport","tbep0396","D.J. Karlen and S.A. Grabe","Technical Report: A Synoptic Survey of the Benthic Macroinvertebrates of Terra Ceia Bay and The Manatee River","1993-95",NA,"03-96",NA,NA,NA,NA,"Tampa Bay Estuary Program","St. Petersburg, Florida",NA,NA,NA
217,"techreport","tbep0496","H.W. Zarbock and A.J. Janicki and D.T. Logan and D.D. MacDonald","An Assessment of Sediment Contamination in Tampa Bay, Florida Using the Sediment Quality Triad Approach","1996",NA,"04-96",NA,NA,NA,NA,"Tampa Bay Estuary Program","St. Petersburg, Florida",NA,NA,NA
218,"techreport","tbep0596","H.W. Zarbock and A.J. Janicki and D.L. Wade and and R.J. Pribble","Model-Based Estimates of Total Nitrogen Loading to Tampa Bay","1996",NA,"05-96",NA,NA,NA,NA,"Tampa Bay Estuary Program","St. Petersburg, Florida",NA,NA,NA
219,"techreport","tbep0696","A.J. Janicki and D.L. Wade","Estimating Critical Nitrogen Loads for the Tampa Bay Estuary:  An Empirically Based Approach to Setting Management Targets","1996",NA,"06-96",NA,NA,NA,NA,"Tampa Bay Estuary Program","St. Petersburg, Florida",NA,NA,NA
220,"techreport","tbep0796","D.L. Wade and A.J. Janicki and and R.T. Pribble","Watershed Management Model for Optimal Allocation of Best Management Practices","1996",NA,"07-96",NA,NA,NA,NA,"Tampa Bay Estuary Program","St. Petersburg, Florida",NA,NA,NA
221,"techreport","tbep0896","L.K. Dixon and S. Murray and J.S. Perry and P.J. Minotti and M.S. Henry and R.H. Pierce","Assessment of Bulk Atmospheric Deposition to the Tampa Bay Watershed","1996",NA,"08-96",NA,NA,NA,NA,"Tampa Bay Estuary Program","St. Petersburg, Florida",NA,NA,NA
222,"techreport","tbep0996","Parsons Engineering Science, Inc.","Toxic Contamination Sources Assessment: Risk Assessment for Chemicals of Potential Concern and Methods for Identification of Specific Sources","1996",NA,"09-96",NA,NA,NA,NA,"Tampa Bay Estuary Program","St. Petersburg, Florida",NA,NA,NA
223,"techreport","tbep1096","R.T. Paul and J.O.R. Johansson","Recent Trends in Brown Pelican Populations in Tampa Bay","1996",NA,"10-96",NA,NA,NA,NA,"Tampa Bay Estuary Program","St. Petersburg, Florida",NA,NA,NA
224,"techreport","tbep1196","W.S. Arnold and K.G. Hagner and D.C. Marelli","Monitoring Bay Scallop Recovery and Stocking Efforts in Tampa Bay","1996",NA,"11-96",NA,NA,NA,NA,"Tampa Bay Estuary Program","St. Petersburg, Florida",NA,NA,NA
225,"techreport","tbep1296","A. Meylan and A. Mosier and K. Moody and A. Foley","Assessment of Sea Turtle Monitoring Programs in Tampa Bay","1996",NA,"12-96",NA,NA,NA,NA,"Tampa Bay Estuary Program","St. Petersburg, Florida",NA,NA,NA
226,"techreport","tbep1396","B. Weigle","Assessment of Manatee Monitoring Programs in Tampa Bay","1996",NA,"13-96",NA,NA,NA,NA,"Tampa Bay Estuary Program","St. Petersburg, Florida",NA,NA,NA
227,"techreport","tbep1496","F.J. Sargent and T.J. Leary and D.E. Kuhl and A.P. Lamb and M.M. Colby and G.M. Macaulay and and P.J. Rubec","Propeller Scar Monitoring Program for the Tampa Bay National Estuary Program","1996",NA,"14-96",NA,NA,NA,NA,"Tampa Bay Estuary Program","St. Petersburg, Florida",NA,NA,NA
228,"techreport","tbep1596","A. Squires and A. Janicki and H. Greening","Tampa Bay Environmental Monitoring Report, 1992-1993","1996",NA,"15-96",NA,NA,NA,NA,"Tampa Bay Estuary Program","St. Petersburg, Florida",NA,NA,NA
229,"techreport","tbep1696","H. Lovett","Descriptions of Government (and Private) Management and Stewardship Programs in Tampa Bay","1996",NA,"16-96",NA,NA,NA,NA,"Tampa Bay Estuary Program","St. Petersburg, Florida",NA,NA,NA
230,"techreport","tbep1796","Southwest Florida Water Management District SWIM Department","Demonstration of Littoral Zone Habitat Restoration Alternatives (Designs) Adjacent to an Industrial Waterway","1996",NA,"17-96",NA,NA,NA,NA,"Tampa Bay Estuary Program","St. Petersburg, Florida",NA,NA,NA
231,"techreport","tbep1896","Hillsborough County Parks and Recreation Department","The Diamondback Track (formerly Brackins Tract) Shoreline Restoration","1996",NA,"18-96",NA,NA,NA,NA,"Tampa Bay Estuary Program","St. Petersburg, Florida",NA,NA,NA
232,"techreport","tbep1996","H.W. Zarbock and A.J. Janicki and S.S. Janicki","Estimates of Total Nitrogen, Total Phosphorus, and Total Suspended Solids to Tampa Bay, Florida. Technical Appendix: 1992-1994 Total Nitrogen Loadings to Tampa Bay, Florida","1996",NA,"19-96",NA,NA,NA,NA,"Tampa Bay Estuary Program","St. Petersburg, Florida",NA,NA,NA
233,"techreport","tbep2096","H. Norris","GIS Mapping of Boom Locations and Other Information Needed for Tampa Bay Oil Spill Contingency Plan","1996",NA,"20-96",NA,NA,NA,NA,"Tampa Bay Estuary Program","St. Petersburg, Florida",NA,NA,NA
234,"techreport","tbep2196","Apogee Research, Inc.","A Compilation of Selected Analyses Supporting the Tampa Bay National Estuary Program's Nitrogen Allocation Workshop","1995",NA,"21-96",NA,NA,NA,NA,"Tampa Bay Estuary Program","St. Petersburg, Florida",NA,NA,NA
235,"techreport","tbep0195","J.B. Frithsen and S.P. Schreiner and D.E. Strebel and R.M. Laljani and D.T. Logan and and H.W. Zarbock","Chemical Contaminants in the Tampa Bay Estuary:  A Summary of Distributions and Inputs","1993",NA,"01-95",NA,NA,NA,NA,"Tampa Bay Estuary Program","St. Petersburg, Florida",NA,NA,NA
236,"techreport","tbep0295","J.K Culter","Benthic Infauna of Tampa Bay","1995",NA,"02-95",NA,NA,NA,NA,"Tampa Bay Estuary Program","St. Petersburg, Florida",NA,NA,NA
237,"techreport","tbep0495","Y.D. Sheng and E.A. Yassuda","Application of a Three-Dimensional Circulation Model to Tampa Bay to Support Water Quality Modeling","1995",NA,"04-95",NA,NA,NA,NA,"Tampa Bay Estuary Program","St. Petersburg, Florida",NA,NA,NA
238,"techreport","tbep0595","R.R. Lewis III","Exotic/Invasive Species Control Manual for Mangrove Forest Areas","1995",NA,"05-95",NA,NA,NA,NA,"Tampa Bay Estuary Program","St. Petersburg, Florida",NA,NA,NA
239,"techreport","tbep0695","D.D. MacDonald","Science Advisory Group Workshop on Sediment Assessment in Tampa Bay","1995",NA,"06-95",NA,NA,NA,NA,"Tampa Bay Estuary Program","St. Petersburg, Florida",NA,NA,NA
240,"article","tbep2","Florida Academy of Sciences, Inc.","Symposium on Human Impacts on the Environment of Tampa Bay","1995",58,"2","Florida Scientist",NA,NA,NA,NA,NA,NA,"2","https://www.jstor.org/stable/i24313929"
241,"techreport","tbep0995","R.R.Lewis III and D. Robison","Setting Priorities for Tampa Bay Habitat Protection and Restoration: Restoring the Balance","1995",NA,"09-95",NA,NA,NA,NA,"Tampa Bay Estuary Program","St. Petersburg, Florida",NA,NA,NA
242,"techreport","tbep1195","H.T. Wilson","Statistical Analysis of the Tampa Bay National Estuary Program 1993 Benthic Survey","1995",NA,"11-95",NA,NA,NA,NA,"Tampa Bay Estuary Program","St. Petersburg, Florida",NA,NA,NA
243,"techreport","tbep1295a","S.A. Grabe and C.M. Courtney and Z. Lin and D. Alberdi and H.T. Wilson and and G. Blanchard","Executive Summary:  A Synoptic Survey of the Benthic Macroinvertebrates and Demersal Fishes of the Tampa Bay Estuarine System","1996",NA,"12-95a",NA,NA,NA,NA,"Tampa Bay Estuary Program","St. Petersburg, Florida",NA,NA,NA
244,"techreport","tbep1295b","S.A. Grabe and C.M. Courtney and Z. Lin and D. Alberdi and H.T. Wilson and and G. Blanchard","Technical Report:  A Synoptic Survey of the Benthic Macroinvertebrates and Demersal Fishes of the Tampa Bay Estuarine System","1995",NA,"12-95b",NA,NA,NA,NA,"Tampa Bay Estuary Program","St. Petersburg, Florida",NA,NA,NA
245,"techreport","tbep1395","N.J. Blake","Demonstration of Large-Scale Reintroduction of the Southern Bay Scallop to Tampa Bay, Florida","1996",NA,"13-95",NA,NA,NA,NA,"Tampa Bay Estuary Program","St. Petersburg, Florida",NA,NA,NA
246,"techreport","tbep1495","P. Saarinen","Funding Source Inventory for Comprehensive Conservation and Management Action Plans","1995",NA,"14-95",NA,NA,NA,NA,"Tampa Bay Estuary Program","St. Petersburg, Florida",NA,NA,NA
247,"techreport","tbep0194","H.W. Zarbock and A.J. Janicki and and D.L. Wade","Current and Historical Freshwater Inflows to Tampa Bay, Florida","1995",NA,"01-94",NA,NA,NA,NA,"Tampa Bay Estuary Program","St. Petersburg, Florida",NA,NA,NA
248,"techreport","tbep0294","A.P. Squires and A.J. Janicki","Development of a Conceptual Design for a Bay Quality Index for Tampa Bay","1994",NA,"02-94",NA,NA,NA,NA,"Tampa Bay Estuary Program","St. Petersburg, Florida",NA,NA,NA
249,"techreport","tbep0394","M.G. Heyl","Tampa Bay Tributary Loading Project","1994",NA,"03-94",NA,NA,NA,NA,"Tampa Bay Estuary Program","St. Petersburg, Florida",NA,NA,NA
250,"techreport","tbep0494","H.W. Zarbock and A.J. Janicki and D.L. Wade and and D.G. Heimbuch","Estimates of Total Nitrogen, Total Phosphorus, and Total Suspended Solids Loadings to Tampa Bay, Florida","1994",NA,"04-94",NA,NA,NA,NA,"Tampa Bay Estuary Program","St. Petersburg, Florida",NA,NA,NA
251,"techreport","tbep0594","J.N. Ehringer and Hillsborough Community College and Pinellas County Department of Environmental Protection.","Results of Analysis of Prop Scar Damage at the Fort Desoto Aquatic Habitat Management Area 1992/1993","1994",NA,"05-94",NA,NA,NA,NA,"Tampa Bay Estuary Program","St. Petersburg, Florida",NA,NA,NA
252,"techreport","tbep0694","Y.E. Stoker and V.A. Levesque and and E.M. Fritz","The Relation of Discharge and Water Quality Characteristics of McKay Bay, Delaney Creek, and East Bay, to Nutrient Loading to Hillsborough Bay, Tampa, Florida, 1991-1993","1994",NA,"06-94",NA,NA,NA,NA,"Tampa Bay Estuary Program","St. Petersburg, Florida",NA,NA,NA
253,"techreport","tbep0794","D.M. Savercool and R.R. Lewis III","Hard Bottom Mapping of Tampa Bay","1995",NA,"07-94",NA,NA,NA,NA,"Tampa Bay Estuary Program","St. Petersburg, Florida",NA,NA,NA
254,"techreport","tbep0894","King Engineering Associates, Inc.","Submerged Aquatic Vegetation Distribution in Tributaries of Tampa Bay","1994",NA,"08-94",NA,NA,NA,NA,"Tampa Bay Estuary Program","St. Petersburg, Florida",NA,NA,NA
255,"techreport","tbep0994","M.O. Walters and M.N. Ritter and R.K. Karkowski and E. Estevez and M. Marshall","Impact of Freshwater Flow Variations in the Manatee River","1993",NA,"09-94",NA,NA,NA,NA,"Tampa Bay Estuary Program","St. Petersburg, Florida",NA,NA,NA
256,"techreport","tbep0193","J.R. Leverone","Environmental Requirements Assessments of the Bay Scallop Argopecten irradians concentricus","1993",NA,"01-93",NA,NA,NA,NA,"Tampa Bay Estuary Program","St. Petersburg, Florida",NA,NA,NA
257,"techreport","tbep0293","A.P. Squires and A.J. Janicki and D.G. Heimbuch and and H.T. Wilson","A Monitoring Program to Assess Environmental Changes in Tampa Bay, FL","1993",NA,"02-93",NA,NA,NA,NA,"Tampa Bay Estuary Program","St. Petersburg, Florida",NA,NA,NA
258,"techreport","tbep0393","D.L. Wade and A.J. Janicki","Physical Impacts to Habitats in Tampa Bay","1993",NA,"03-93",NA,NA,NA,NA,"Tampa Bay Estuary Program","St. Petersburg, Florida",NA,NA,NA
259,"techreport","tbep0493","N.J. Blake and Y.Lu and and M.Moyer","Evaluation of Tampa Bay Waters for the Survival and Growth of Southern Bay Scallop Larvae and Juveniles","1993",NA,"04-93",NA,NA,NA,NA,"Tampa Bay Estuary Program","St. Petersburg, Florida",NA,NA,NA
260,"techreport","tbep0593","C.M. Courtney","Interagency Data Sharing through GIS for Cockroach Bay","1993",NA,"05-93",NA,NA,NA,NA,"Tampa Bay Estuary Program","St. Petersburg, Florida",NA,NA,NA
261,"techreport","tbep0693","G.R. Brooks and T.L. Dix and and L.J. Doyle","Groundwater/Surfacewater Interactions in Tampa Bay: Implications for Nutrient Fluxes","1994",NA,"06-93",NA,NA,NA,NA,"Tampa Bay Estuary Program","St. Petersburg, Florida",NA,NA,NA
262,"techreport","tbep0793","A.J. Janicki and D.L Wade and and D.E. Robison","Habitat Protection and Restoration Targets for Tampa Bay","1992",NA,"07-93",NA,NA,NA,NA,"Tampa Bay Estuary Program","St. Petersburg, Florida",NA,NA,NA
263,"techreport","tbep0192","M. Ramsay and W. Boynton","Framework for Characterization","1992",NA,"01-92",NA,NA,NA,NA,"Tampa Bay Estuary Program","St. Petersburg, Florida",NA,NA,NA
264,"techreport","tbep0292","D.L. Wade and A.J. Janicki","Compendium of Current Monitoring Programs in Tampa Bay and Its Watershed","1992",NA,"02-92",NA,NA,NA,NA,"Tampa Bay Estuary Program","St. Petersburg, Florida",NA,NA,NA
265,"techreport","tbep0392","A. Squires and G. Vargo and K. Fanning and R. Weisberg and and B. Galperin","Review of Tampa Bay Information for Interim Nutrient Budgets and Historical Loadings of Bay Segments","1992",NA,"03-92",NA,NA,NA,NA,"Tampa Bay Estuary Program","St. Petersburg, Florida",NA,NA,NA
266,"techreport","tbep0492","S. Cairns and A.J. Janicki and D.L. Wade","Oligohaline Areas in Tampa Bay Tributaries: Spatial Extent and Species Lists","1992",NA,"04-92",NA,NA,NA,NA,"Tampa Bay Estuary Program","St. Petersburg, Florida",NA,NA,NA
267,"techreport","tbep0592","D.L Wade and S. Cairns and and A.J. Janicki","Distribution of Selected Fish Species in Tampa Bay","1992",NA,"05-92",NA,NA,NA,NA,"Tampa Bay Estuary Program","St. Petersburg, Florida",NA,NA,NA
268,"techreport","tbep0692","S. Cairns and A.J. Janicki","Database of Benthic Sampling Locations in Tampa Bay","1992",NA,"06-92",NA,NA,NA,NA,"Tampa Bay Estuary Program","St. Petersburg, Florida",NA,NA,NA
269,"techreport","tbep0792","A. Squires and G. Vargo and R. Weisberg and K. Fanning and and B. Galperin","Review and Synthesis of Historical Tampa Bay Water Quality Data","1992",NA,"07-92",NA,NA,NA,NA,"Tampa Bay Estuary Program","St. Petersburg, Florida",NA,NA,NA
270,"techreport","tbep0892","S. Cairns and A.J. Janicki and D.G. Heimbuch and and S. S. Janicki","Data Management Strategy for the Tampa Bay National Estuary Program: Recommendations and Implementation Plan","1992",NA,"08-92",NA,NA,NA,NA,"Tampa Bay Estuary Program","St. Petersburg, Florida",NA,NA,NA
271,"techreport","tbep0992","R. J. Hochberg and S.B. Weisberg and J.B. Frithsen and  A.J. Janicki and D.H. Heimbuch and and H.T. Wilson","Design of a Basinwide Monitoring Program for the Tampa Bay Estuary","1992",NA,"09-92",NA,NA,NA,NA,"Tampa Bay Estuary Program","St. Petersburg, Florida",NA,NA,NA
272,"techreport","tbep1092","K.A. Killam and R.J. Hochberg and E.C. Rzemien","Synthesis of Basic Life Histories of Tampa Bay Species","1992",NA,"10-92",NA,NA,NA,NA,"Tampa Bay Estuary Program","St. Petersburg, Florida",NA,NA,NA
273,"techreport","tbep1192","L.Kastancuk and S. Burton","Tampa Bay Public Opinion Poll Conducted for Tampa Bay National Estuary Program","1992",NA,"11-92",NA,NA,NA,NA,"Tampa Bay Estuary Program","St. Petersburg, Florida",NA,NA,NA
